{
  "mean": 0.4713333333333333,
  "std": 0.5500302617127732
}