{
  "Achievement": {
    "mean": 0.8055555555555556,
    "std": 0.21579765395152098
  },
  "Influence": {
    "mean": 0.3630952380952381,
    "std": 0.6364438066842534
  },
  "Music ": {
    "mean": 0.6923076923076923,
    "std": 0.5521261675045884
  },
  "Performance": {
    "mean": 0.5714285714285714,
    "std": 0.44954487243710706
  },
  "Public Perception": {
    "mean": -0.011111111111111112,
    "std": 0.6076116516262006
  },
  "Relationship": {
    "mean": 0.5986590038314177,
    "std": 0.5177530277625183
  },
  "Sports": {
    "mean": 0.575,
    "std": 0.4141485088006139
  }
}